INSERT INTO person(PersonID, name, mail, dateOfBirth, address) VALUES (1,'jack','jack@gmail.com','2021-12-01 14:30:15','Lyon');
INSERT INTO person(PersonID, name, mail, dateOfBirth, address) VALUES (2,'bob','bob@gmail.com','1980-05-05 12:00:00','Lille');
INSERT INTO person(PersonID, name, mail, dateOfBirth, address) VALUES (3,'emma','emma@gmail.com','1980-05-05 12:00:00','Paris');
INSERT INTO person(PersonID, name, mail, dateOfBirth, address) VALUES (4,'gilbert','gilbert@gmail.com','1980-05-05 12:00:00','Lyon');
INSERT INTO person(PersonID, name, mail, dateOfBirth, address) VALUES (5,'alice','alice@gmail.com','1995-03-20 08:45:30','Marseille');
INSERT INTO person(PersonID, name, mail, dateOfBirth, address) VALUES (6,'olivia','olivia@gmail.com','1978-11-10 18:20:45','Toulouse');
INSERT INTO person(PersonID, name, mail, dateOfBirth, address) VALUES (7,'charlie','charlie@gmail.com','1990-09-15 15:10:00','Nice');
INSERT INTO person(PersonID, name, mail, dateOfBirth, address) VALUES (8,'diana','diana@gmail.com','1985-07-25 09:30:12','Lille');
INSERT INTO person(PersonID, name, mail, dateOfBirth, address) VALUES (9,'eric','eric@gmail.com','1982-04-12 20:45:55','Lyon');
INSERT INTO person(PersonID, name, mail, dateOfBirth, address) VALUES (10,'fiona','fiona@gmail.com','1998-06-28 07:15:40','Paris');
INSERT INTO person(PersonID, name, mail, dateOfBirth, address) VALUES (11,'george','george@gmail.com','1975-12-05 14:55:22','Marseille');
INSERT INTO person(PersonID, name, mail, dateOfBirth, address) VALUES (12,'hannah','hannah@gmail.com','1993-01-18 11:25:08','Toulouse');
INSERT INTO person(PersonID, name, mail, dateOfBirth, address) VALUES (13,'ian','ian@gmail.com','1987-08-30 16:40:17','Nice');
INSERT INTO person(PersonID, name, mail, dateOfBirth, address) VALUES (14,'juliet','juliet@gmail.com','1984-02-14 10:05:33','Lille');
INSERT INTO person(PersonID, name, mail, dateOfBirth, address) VALUES (15,'kevin','kevin@gmail.com','1999-09-08 13:20:50','Lyon');
INSERT INTO person(PersonID, name, mail, dateOfBirth, address) VALUES (16,'laura','laura@gmail.com','1991-07-01 06:35:10','Paris');
INSERT INTO person(PersonID, name, mail, dateOfBirth, address) VALUES (17,'michael','michael@gmail.com','1981-03-12 17:50:28','Marseille');
INSERT INTO person(PersonID, name, mail, dateOfBirth, address) VALUES (18,'nina','nina@gmail.com','1979-10-25 09:15:45','Toulouse');
INSERT INTO person(PersonID, name, mail, dateOfBirth, address) VALUES (19,'oscar','oscar@gmail.com','1997-11-17 14:00:05','Nice');
INSERT INTO person(PersonID, name, mail, dateOfBirth, address) VALUES (20,'pamela','pamela@gmail.com','1988-04-03 08:25:20','Lille');
INSERT INTO person(PersonID, name, mail, dateOfBirth, address) VALUES (21,'quincy','quincy@gmail.com','1983-06-19 19:40:38','Lyon');
INSERT INTO person(PersonID, name, mail, dateOfBirth, address) VALUES (22,'rachel','rachel@gmail.com','1996-02-22 12:05:55','Paris');
INSERT INTO person(PersonID, name, mail, dateOfBirth, address) VALUES (23,'samuel','samuel@gmail.com','1976-05-30 15:30:10','Marseille');
INSERT INTO person(PersonID, name, mail, dateOfBirth, address) VALUES (24,'tina','tina@gmail.com','1992-09-03 08:55:27','Toulouse');
INSERT INTO person(PersonID, name, mail, dateOfBirth, address) VALUES (25,'ulysses','ulysses@gmail.com','1986-11-28 21:10:45','Nice');
INSERT INTO person(PersonID, name, mail, dateOfBirth, address) VALUES (26,'violet','violet@gmail.com','1989-01-15 14:35:00','Lille');
INSERT INTO person(PersonID, name, mail, dateOfBirth, address) VALUES (27,'william','william@gmail.com','1994-07-07 10:00:18','Lyon');
INSERT INTO person(PersonID, name, mail, dateOfBirth, address) VALUES (28,'xena','xena@gmail.com','1984-03-24 18:25:35','Paris');
INSERT INTO person(PersonID, name, mail, dateOfBirth, address) VALUES (29,'yann','yann@gmail.com','1990-06-09 11:50:53','Marseille');
INSERT INTO person(PersonID, name, mail, dateOfBirth, address) VALUES (30,'zara','zara@gmail.com','1977-08-14 15:15:10','Toulouse');
INSERT INTO person(PersonID, name, mail, dateOfBirth, address) VALUES (31,'adam','adam@gmail.com','1982-12-27 08:40:27','Nice');
INSERT INTO person(PersonID, name, mail, dateOfBirth, address) VALUES (32,'bella','bella@gmail.com','1998-04-21 22:05:45','Lille');
INSERT INTO person(PersonID, name, mail, dateOfBirth, address) VALUES (33,'chris','chris@gmail.com','1991-10-16 15:30:00','Lyon');
INSERT INTO person(PersonID, name, mail, dateOfBirth, address) VALUES (34,'daisy','daisy@gmail.com','1979-02-09 19:55:18','Paris');
INSERT INTO person(PersonID, name, mail, dateOfBirth, address) VALUES (35,'elias','elias@gmail.com','1986-06-04 12:20:35','Marseille');
INSERT INTO person(PersonID, name, mail, dateOfBirth, address) VALUES (36,'felicity','felicity@gmail.com','1993-11-29 09:45:53','Toulouse');
INSERT INTO person(PersonID, name, mail, dateOfBirth, address) VALUES (37,'gavin','gavin@gmail.com','1985-03-23 13:10:10','Nice');
INSERT INTO person(PersonID, name, mail, dateOfBirth, address) VALUES (38,'hazel','hazel@gmail.com','1978-09-17 16:35:27','Lille');
INSERT INTO person(PersonID, name, mail, dateOfBirth, address) VALUES (39,'ianthe','ianthe@gmail.com','1996-01-12 20:00:45','Lyon');
INSERT INTO person(PersonID, name, mail, dateOfBirth, address) VALUES (40,'jason','jason@gmail.com','1983-07-06 09:25:23', 'Da Nang');
INSERT INTO person(PersonID, name, mail, dateOfBirth, address) VALUES (41,'jack','jack@gmail.com','2021-12-01 14:30:15','Lyon');
INSERT INTO person(PersonID, name, mail, dateOfBirth, address) VALUES (42,'bob','bob@gmail.com','1980-05-05 12:00:00','Lille');
INSERT INTO person(PersonID, name, mail, dateOfBirth, address) VALUES (43,'emma','emma@gmail.com','1980-05-05 12:00:00','Paris');
INSERT INTO person(PersonID, name, mail, dateOfBirth, address) VALUES (44,'gilbert','gilbert@gmail.com','1980-05-05 12:00:00','Lyon');
INSERT INTO person(PersonID, name, mail, dateOfBirth, address) VALUES (45,'alice','alice@gmail.com','1995-03-20 08:45:30','Marseille');
INSERT INTO person(PersonID, name, mail, dateOfBirth, address) VALUES (46,'olivia','olivia@gmail.com','1978-11-10 18:20:45','Toulouse');
INSERT INTO person(PersonID, name, mail, dateOfBirth, address) VALUES (47,'charlie','charlie@gmail.com','1990-09-15 15:10:00','Nice');
INSERT INTO person(PersonID, name, mail, dateOfBirth, address) VALUES (48,'diana','diana@gmail.com','1985-07-25 09:30:12','Lille');
INSERT INTO person(PersonID, name, mail, dateOfBirth, address) VALUES (49,'eric','eric@gmail.com','1982-04-12 20:45:55','Lyon');
INSERT INTO person(PersonID, name, mail, dateOfBirth, address) VALUES (50,'fiona','fiona@gmail.com','1998-06-28 07:15:40','Paris');
INSERT INTO person(PersonID, name, mail, dateOfBirth, address) VALUES (51,'george','george@gmail.com','1975-12-05 14:55:22','Marseille');
INSERT INTO person(PersonID, name, mail, dateOfBirth, address) VALUES (52,'hannah','hannah@gmail.com','1993-01-18 11:25:08','Toulouse');
INSERT INTO person(PersonID, name, mail, dateOfBirth, address) VALUES (53,'ian','ian@gmail.com','1987-08-30 16:40:17','Nice');
INSERT INTO person(PersonID, name, mail, dateOfBirth, address) VALUES (54,'juliet','juliet@gmail.com','1984-02-14 10:05:33','Lille');
INSERT INTO person(PersonID, name, mail, dateOfBirth, address) VALUES (55,'kevin','kevin@gmail.com','1999-09-08 13:20:50','Lyon');
INSERT INTO person(PersonID, name, mail, dateOfBirth, address) VALUES (56,'laura','laura@gmail.com','1991-07-01 06:35:10','Paris');
INSERT INTO person(PersonID, name, mail, dateOfBirth, address) VALUES (57,'michael','michael@gmail.com','1981-03-12 17:50:28','Marseille');
INSERT INTO person(PersonID, name, mail, dateOfBirth, address) VALUES (58,'nina','nina@gmail.com','1979-10-25 09:15:45','Toulouse');
INSERT INTO person(PersonID, name, mail, dateOfBirth, address) VALUES (59,'oscar','oscar@gmail.com','1997-11-17 14:00:05','Nice');
INSERT INTO person(PersonID, name, mail, dateOfBirth, address) VALUES (60,'pamela','pamela@gmail.com','1988-04-03 08:25:20','Lille');
INSERT INTO person(PersonID, name, mail, dateOfBirth, address) VALUES (61,'quincy','quincy@gmail.com','1983-06-19 19:40:38','Lyon');
INSERT INTO person(PersonID, name, mail, dateOfBirth, address) VALUES (62,'rachel','rachel@gmail.com','1996-02-22 12:05:55','Paris');
INSERT INTO person(PersonID, name, mail, dateOfBirth, address) VALUES (63,'samuel','samuel@gmail.com','1976-05-30 15:30:10','Marseille');
INSERT INTO person(PersonID, name, mail, dateOfBirth, address) VALUES (64,'tina','tina@gmail.com','1992-09-03 08:55:27','Toulouse');
INSERT INTO person(PersonID, name, mail, dateOfBirth, address) VALUES (65,'ulysses','ulysses@gmail.com','1986-11-28 21:10:45','Nice');
INSERT INTO person(PersonID, name, mail, dateOfBirth, address) VALUES (66,'violet','violet@gmail.com','1989-01-15 14:35:00','Lille');
INSERT INTO person(PersonID, name, mail, dateOfBirth, address) VALUES (67,'william','william@gmail.com','1994-07-07 10:00:18','Lyon');
INSERT INTO person(PersonID, name, mail, dateOfBirth, address) VALUES (68,'xena','xena@gmail.com','1984-03-24 18:25:35','Paris');
INSERT INTO person(PersonID, name, mail, dateOfBirth, address) VALUES (69,'yann','yann@gmail.com','1990-06-09 11:50:53','Marseille');
INSERT INTO person(PersonID, name, mail, dateOfBirth, address) VALUES (70,'zara','zara@gmail.com','1977-08-14 15:15:10','Toulouse');
INSERT INTO person(PersonID, name, mail, dateOfBirth, address) VALUES (71,'adam','adam@gmail.com','1982-12-27 08:40:27','Nice');
INSERT INTO person(PersonID, name, mail, dateOfBirth, address) VALUES (72,'bella','bella@gmail.com','1998-04-21 22:05:45','Lille');
INSERT INTO person(PersonID, name, mail, dateOfBirth, address) VALUES (73,'chris','chris@gmail.com','1991-10-16 15:30:00','Lyon');
INSERT INTO person(PersonID, name, mail, dateOfBirth, address) VALUES (74,'daisy','daisy@gmail.com','1979-02-09 19:55:18','Paris');
INSERT INTO person(PersonID, name, mail, dateOfBirth, address) VALUES (75,'elias','elias@gmail.com','1986-06-04 12:20:35','Marseille');
INSERT INTO person(PersonID, name, mail, dateOfBirth, address) VALUES (76,'felicity','felicity@gmail.com','1993-11-29 09:45:53','Toulouse');
INSERT INTO person(PersonID, name, mail, dateOfBirth, address) VALUES (77,'gavin','gavin@gmail.com','1985-03-23 13:10:10','Nice');
INSERT INTO person(PersonID, name, mail, dateOfBirth, address) VALUES (78,'hazel','hazel@gmail.com','1978-09-17 16:35:27','Lille');
INSERT INTO person(PersonID, name, mail, dateOfBirth, address) VALUES (79,'ianthe','ianthe@gmail.com','1996-01-12 20:00:45','Lyon');
INSERT INTO person(PersonID, name, mail, dateOfBirth, address) VALUES (80,'jason','jason@gmail.com','1983-07-06 09:25:23', 'Da Nang');

INSERT INTO employee(PersonID, contractStart, role) VALUES (1,'2023-05-05 12:00:00','Groom');
INSERT INTO employee(PersonID, contractStart, role) VALUES (4,'2023-05-05 12:00:00','Groom');
INSERT INTO employee (PersonID, contractStart, role) VALUES (20, '2023-01-10', 'Chef');
INSERT INTO employee (PersonID, contractStart, role) VALUES (45, '2022-11-05', 'Waiter');
INSERT INTO employee (PersonID, contractStart, role) VALUES (60, '2023-02-15', 'Front Desk Clerk');
INSERT INTO employee (PersonID, contractStart, role) VALUES (30, '2022-10-20', 'Housekeeping');
INSERT INTO employee (PersonID, contractStart, role) VALUES (75, '2023-03-08', 'Bartender');
INSERT INTO employee (PersonID, contractStart, role) VALUES (40, '2022-12-18', 'Manager');
INSERT INTO employee (PersonID, contractStart, role) VALUES (55, '2022-09-25', 'Server');
INSERT INTO employee (PersonID, contractStart, role) VALUES (65, '2023-01-05', 'Concierge');
INSERT INTO employee (PersonID, contractStart, role) VALUES (50, '2022-11-15', 'Cleaning Staff');
INSERT INTO employee (PersonID, contractStart, role) VALUES (70, '2023-02-01', 'Security');
INSERT INTO employee (PersonID, contractStart, role) VALUES (25, '2022-10-10', 'Event Planner');
INSERT INTO employee (PersonID, contractStart, role) VALUES (35, '2022-12-05', 'Room Service');
INSERT INTO employee (PersonID, contractStart, role) VALUES (80, '2023-03-20', 'Bellhop');
INSERT INTO employee (PersonID, contractStart, role) VALUES (22, '2022-09-15', 'Receptionist');
INSERT INTO employee (PersonID, contractStart, role) VALUES (42, '2023-01-25', 'Kitchen Staff');
INSERT INTO employee (PersonID, contractStart, role) VALUES (58, '2022-10-30', 'Event Coordinator');
INSERT INTO employee (PersonID, contractStart, role) VALUES (33, '2023-02-10', 'Barista');
INSERT INTO employee (PersonID, contractStart, role) VALUES (68, '2022-11-30', 'Porter');
INSERT INTO employee (PersonID, contractStart, role) VALUES (28, '2023-03-15', 'Housekeeping Supervisor');
INSERT INTO employee (PersonID, contractStart, role) VALUES (48, '2022-09-10', 'Waitstaff Supervisor');
INSERT INTO employee (PersonID, contractStart, role) VALUES (78, '2022-12-23', 'Front Office Manager');
INSERT INTO employee (PersonID, contractStart, role) VALUES (38, '2023-01-20', 'Sous Chef');
INSERT INTO employee (PersonID, contractStart, role) VALUES (23, '2022-10-05', 'Valet Parking Attendant');
INSERT INTO employee (PersonID, contractStart, role) VALUES (53, '2022-11-20', 'Banquet Server');
INSERT INTO employee (PersonID, contractStart, role) VALUES (63, '2023-02-05', 'Dishwasher');
INSERT INTO employee (PersonID, contractStart, role) VALUES (32, '2022-09-30', 'Maintenance Staff');
INSERT INTO employee (PersonID, contractStart, role) VALUES (73, '2023-01-15', 'Executive Chef');
INSERT INTO employee (PersonID, contractStart, role) VALUES (43, '2022-10-25', 'Hotel General Manager');
INSERT INTO employee (PersonID, contractStart, role) VALUES (56, '2022-12-10', 'Catering Manager');
INSERT INTO employee (PersonID, contractStart, role) VALUES (66, '2023-03-01', 'Host/Hostess');

INSERT INTO customer(PersonID, joiningDate) VALUES (2, '2021-12-01 12:00:00');
INSERT INTO customer(PersonID, joiningDate) VALUES (3, '2024-12-01 12:00:00');
INSERT INTO customer(PersonID, joiningDate) VALUES (4, '2021-12-01 12:00:00');
INSERT INTO customer(PersonID, joiningDate) VALUES (5, '2024-12-01 12:00:00');
INSERT INTO customer(PersonID, joiningDate) VALUES (6, '2021-12-01 12:00:00');
INSERT INTO customer(PersonID, joiningDate) VALUES (7, '2024-12-01 12:00:00');
INSERT INTO customer(PersonID, joiningDate) VALUES (8, '2021-12-01 12:00:00');
INSERT INTO customer(PersonID, joiningDate) VALUES (9, '2024-12-01 12:00:00');
INSERT INTO customer(PersonID, joiningDate) VALUES (10, '2021-12-01 12:00:00');
INSERT INTO customer(PersonID, joiningDate) VALUES (11, '2024-12-01 12:00:00');
INSERT INTO customer(PersonID, joiningDate) VALUES (12, '2021-12-01 12:00:00');
INSERT INTO customer(PersonID, joiningDate) VALUES (13, '2024-12-01 12:00:00');


INSERT INTO bookingroom(bookingID, start, end, customer, room) VALUES (1,'2024-12-08 12:00:00','2024-12-10 12:00:00',2, 1);
INSERT INTO bookingroom(bookingID, start, end, customer, room) VALUES (2,'2024-12-11 12:00:00','2024-12-14 12:00:00',2, 1);

INSERT INTO room (Roomid, type, number, price) VALUES (1, 'Single', 101, 50.0);
INSERT INTO room (Roomid, type, number, price) VALUES (2, 'Double', 201, 80.0);
INSERT INTO room (Roomid, type, number, price) VALUES (3, 'Triple', 301, 110.0);
INSERT INTO room (Roomid, type, number, price) VALUES (4, 'Quad', 401, 140.0);
INSERT INTO room (Roomid, type, number, price) VALUES (5, 'Single', 102, 55.0);
INSERT INTO room (Roomid, type, number, price) VALUES (6, 'Double', 202, 85.0);
INSERT INTO room (Roomid, type, number, price) VALUES (7, 'Triple', 302, 115.0);
INSERT INTO room (Roomid, type, number, price) VALUES (8, 'Quad', 402, 145.0);
INSERT INTO room (Roomid, type, number, price) VALUES (9, 'Single', 103, 60.0);
INSERT INTO room (Roomid, type, number, price) VALUES (10, 'Double', 203, 90.0);

INSERT INTO BookingRoom (bookingID, customer, start, end, room) VALUES (3, 3, '2024-03-05', '2024-03-12', 3);

INSERT INTO BookingRoom (bookingID, customer, start, end, room) VALUES (4, 4, '2024-04-20', '2024-04-25', 4);

INSERT INTO BookingRoom (bookingID, customer, start, end, room) VALUES (5, 5, '2024-05-10', '2024-05-18', 5);

INSERT INTO BookingRoom (bookingID, customer, start, end, room) VALUES (6, 6, '2024-06-02', '2024-06-08', 6);

INSERT INTO BookingRoom (bookingID, customer, start, end, room) VALUES (7, 7, '2024-07-15', '2024-07-25', 7);

INSERT INTO BookingRoom (bookingID, customer, start, end, room) VALUES (8, 8, '2024-08-10', '2024-08-18', 8);

INSERT INTO BookingRoom (bookingID, customer, start, end, room) VALUES (9, 9, '2024-09-05', '2024-09-12', 9);

INSERT INTO BookingRoom (bookingID, customer, start, end, room) VALUES (10,10, '2024-10-20', '2024-10-25',10);

INSERT INTO FoodDish (DishID, name, dishType, description, price) VALUES (1, 'Salade César', 'Entrée', 'Salade verte, poulet grillé, croûtons, parmesan, sauce César', 12.99);
INSERT INTO FoodDish (DishID, name, dishType, description, price) VALUES (2, 'Tomate Mozzarella', 'Entrée', 'Tomates, mozzarella, basilic, vinaigrette balsamique', 10.50);
INSERT INTO FoodDish (DishID, name, dishType, description, price) VALUES (3, 'Boeuf Bourguignon', 'Plat principal', 'Boeuf mijoté, carottes, champignons, vin rouge', 18.75);
INSERT INTO FoodDish (DishID, name, dishType, description, price) VALUES (4, 'Poulet rôti', 'Plat principal', 'Poulet rôti au four, pommes de terre, légumes grillés', 16.50);
INSERT INTO FoodDish (DishID, name, dishType, description, price) VALUES (5, 'Assiette de fromages', 'Fromage', 'Sélection de fromages affinés avec pain et fruits secs', 14.25);
INSERT INTO FoodDish (DishID, name, dishType, description, price) VALUES (6, 'Fondue Savoyarde', 'Fromage', 'Fondue de fromage savoyarde avec pain et pommes de terre', 20.99);
INSERT INTO FoodDish (DishID, name, dishType, description, price) VALUES (7, 'Tiramisu', 'Dessert', 'Dessert italien à base de biscuits, café, mascarpone', 8.99);
INSERT INTO FoodDish (DishID, name, dishType, description, price) VALUES (8, 'Crème Brûlée', 'Dessert', 'Crème vanillée avec une couche caramélisée sur le dessus', 9.75);
INSERT INTO FoodDish (DishID, name, dishType, description, price) VALUES (9, 'Saumon fumé', 'Entrée', 'Saumon fumé, blinis, crème fraîche, citron', 15.50);
INSERT INTO FoodDish (DishID, name, dishType, description, price) VALUES (10, 'Magret de canard', 'Plat principal', 'Magret de canard grillé, purée de patates douces, sauce aux fruits rouges', 22.50);
INSERT INTO FoodDish (DishID, name, dishType, description, price) VALUES (11, 'Plateau de fromages variés', 'Fromage', 'Divers fromages avec accompagnements', 18.99);
INSERT INTO FoodDish (DishID, name, dishType, description, price) VALUES (12, 'Mousse au chocolat', 'Dessert', 'Mousse légère au chocolat noir', 7.99);
INSERT INTO FoodDish (DishID, name, dishType, description, price) VALUES (13, 'Carpaccio de boeuf', 'Entrée', 'Fines tranches de boeuf, roquette, parmesan, vinaigrette', 14.25);
INSERT INTO FoodDish (DishID, name, dishType, description, price) VALUES (14, 'Ratatouille provençale', 'Plat principal', 'Légumes mijotés au four, huile d olive, herbes de Provence', 16.75);
INSERT INTO FoodDish (DishID, name, dishType, description, price) VALUES (15, 'Crêpes Suzette', 'Dessert', 'Crêpes à l orange, sucre, Grand Marnier', 10.99);


