INSERT INTO person(PersonID, name, mail, dateOfBirth, address) VALUES (1,'jack','jack@gmail.com','2021-12-01 14:30:15','Lyon');
INSERT INTO person(PersonID, name, mail, dateOfBirth, address) VALUES (2,'bob','bob@gmail.com','1980-05-05 12:00:00','Lille');
INSERT INTO person(PersonID, name, mail, dateOfBirth, address) VALUES (3,'emma','emma@gmail.com','1980-05-05 12:00:00','Paris');
INSERT INTO person(PersonID, name, mail, dateOfBirth, address) VALUES (4,'gilbert','gilbert@gmail.com','1980-05-05 12:00:00','Lyon');
INSERT INTO person(PersonID, name, mail, dateOfBirth, address) VALUES (5,'alice','alice@gmail.com','1995-03-20 08:45:30','Marseille');
INSERT INTO person(PersonID, name, mail, dateOfBirth, address) VALUES (6,'olivia','olivia@gmail.com','1978-11-10 18:20:45','Toulouse');
INSERT INTO person(PersonID, name, mail, dateOfBirth, address) VALUES (7,'charlie','charlie@gmail.com','1990-09-15 15:10:00','Nice');
INSERT INTO person(PersonID, name, mail, dateOfBirth, address) VALUES (8,'diana','diana@gmail.com','1985-07-25 09:30:12','Lille');
INSERT INTO person(PersonID, name, mail, dateOfBirth, address) VALUES (9,'eric','eric@gmail.com','1982-04-12 20:45:55','Lyon');
INSERT INTO person(PersonID, name, mail, dateOfBirth, address) VALUES (10,'fiona','fiona@gmail.com','1998-06-28 07:15:40','Paris');
INSERT INTO person(PersonID, name, mail, dateOfBirth, address) VALUES (11,'george','george@gmail.com','1975-12-05 14:55:22','Marseille');
INSERT INTO person(PersonID, name, mail, dateOfBirth, address) VALUES (12,'hannah','hannah@gmail.com','1993-01-18 11:25:08','Toulouse');
INSERT INTO person(PersonID, name, mail, dateOfBirth, address) VALUES (13,'ian','ian@gmail.com','1987-08-30 16:40:17','Nice');
INSERT INTO person(PersonID, name, mail, dateOfBirth, address) VALUES (14,'juliet','juliet@gmail.com','1984-02-14 10:05:33','Lille');
INSERT INTO person(PersonID, name, mail, dateOfBirth, address) VALUES (15,'kevin','kevin@gmail.com','1999-09-08 13:20:50','Lyon');
INSERT INTO person(PersonID, name, mail, dateOfBirth, address) VALUES (16,'laura','laura@gmail.com','1991-07-01 06:35:10','Paris');
INSERT INTO person(PersonID, name, mail, dateOfBirth, address) VALUES (17,'michael','michael@gmail.com','1981-03-12 17:50:28','Marseille');
INSERT INTO person(PersonID, name, mail, dateOfBirth, address) VALUES (18,'nina','nina@gmail.com','1979-10-25 09:15:45','Toulouse');
INSERT INTO person(PersonID, name, mail, dateOfBirth, address) VALUES (19,'oscar','oscar@gmail.com','1997-11-17 14:00:05','Nice');
INSERT INTO person(PersonID, name, mail, dateOfBirth, address) VALUES (20,'pamela','pamela@gmail.com','1988-04-03 08:25:20','Lille');
INSERT INTO person(PersonID, name, mail, dateOfBirth, address) VALUES (21,'quincy','quincy@gmail.com','1983-06-19 19:40:38','Lyon');
INSERT INTO person(PersonID, name, mail, dateOfBirth, address) VALUES (22,'rachel','rachel@gmail.com','1996-02-22 12:05:55','Paris');
INSERT INTO person(PersonID, name, mail, dateOfBirth, address) VALUES (23,'samuel','samuel@gmail.com','1976-05-30 15:30:10','Marseille');
INSERT INTO person(PersonID, name, mail, dateOfBirth, address) VALUES (24,'tina','tina@gmail.com','1992-09-03 08:55:27','Toulouse');
INSERT INTO person(PersonID, name, mail, dateOfBirth, address) VALUES (25,'ulysses','ulysses@gmail.com','1986-11-28 21:10:45','Nice');
INSERT INTO person(PersonID, name, mail, dateOfBirth, address) VALUES (26,'violet','violet@gmail.com','1989-01-15 14:35:00','Lille');
INSERT INTO person(PersonID, name, mail, dateOfBirth, address) VALUES (27,'william','william@gmail.com','1994-07-07 10:00:18','Lyon');
INSERT INTO person(PersonID, name, mail, dateOfBirth, address) VALUES (28,'xena','xena@gmail.com','1984-03-24 18:25:35','Paris');
INSERT INTO person(PersonID, name, mail, dateOfBirth, address) VALUES (29,'yann','yann@gmail.com','1990-06-09 11:50:53','Marseille');
INSERT INTO person(PersonID, name, mail, dateOfBirth, address) VALUES (30,'zara','zara@gmail.com','1977-08-14 15:15:10','Toulouse');
INSERT INTO person(PersonID, name, mail, dateOfBirth, address) VALUES (31,'adam','adam@gmail.com','1982-12-27 08:40:27','Nice');
INSERT INTO person(PersonID, name, mail, dateOfBirth, address) VALUES (32,'bella','bella@gmail.com','1998-04-21 22:05:45','Lille');
INSERT INTO person(PersonID, name, mail, dateOfBirth, address) VALUES (33,'chris','chris@gmail.com','1991-10-16 15:30:00','Lyon');
INSERT INTO person(PersonID, name, mail, dateOfBirth, address) VALUES (34,'daisy','daisy@gmail.com','1979-02-09 19:55:18','Paris');
INSERT INTO person(PersonID, name, mail, dateOfBirth, address) VALUES (35,'elias','elias@gmail.com','1986-06-04 12:20:35','Marseille');
INSERT INTO person(PersonID, name, mail, dateOfBirth, address) VALUES (36,'felicity','felicity@gmail.com','1993-11-29 09:45:53','Toulouse');
INSERT INTO person(PersonID, name, mail, dateOfBirth, address) VALUES (37,'gavin','gavin@gmail.com','1985-03-23 13:10:10','Nice');
INSERT INTO person(PersonID, name, mail, dateOfBirth, address) VALUES (38,'hazel','hazel@gmail.com','1978-09-17 16:35:27','Lille');
INSERT INTO person(PersonID, name, mail, dateOfBirth, address) VALUES (39,'ianthe','ianthe@gmail.com','1996-01-12 20:00:45','Lyon');
INSERT INTO person(PersonID, name, mail, dateOfBirth, address) VALUES (40,'jason','jason@gmail.com','1983-07-06 09:25:23', 'Da Nang');
INSERT INTO person(PersonID, name, mail, dateOfBirth, address) VALUES (41,'jack','jack@gmail.com','2021-12-01 14:30:15','Lyon');
INSERT INTO person(PersonID, name, mail, dateOfBirth, address) VALUES (42,'bob','bob@gmail.com','1980-05-05 12:00:00','Lille');
INSERT INTO person(PersonID, name, mail, dateOfBirth, address) VALUES (43,'emma','emma@gmail.com','1980-05-05 12:00:00','Paris');
INSERT INTO person(PersonID, name, mail, dateOfBirth, address) VALUES (44,'gilbert','gilbert@gmail.com','1980-05-05 12:00:00','Lyon');
INSERT INTO person(PersonID, name, mail, dateOfBirth, address) VALUES (45,'alice','alice@gmail.com','1995-03-20 08:45:30','Marseille');
INSERT INTO person(PersonID, name, mail, dateOfBirth, address) VALUES (46,'olivia','olivia@gmail.com','1978-11-10 18:20:45','Toulouse');
INSERT INTO person(PersonID, name, mail, dateOfBirth, address) VALUES (47,'charlie','charlie@gmail.com','1990-09-15 15:10:00','Nice');
INSERT INTO person(PersonID, name, mail, dateOfBirth, address) VALUES (48,'diana','diana@gmail.com','1985-07-25 09:30:12','Lille');
INSERT INTO person(PersonID, name, mail, dateOfBirth, address) VALUES (49,'eric','eric@gmail.com','1982-04-12 20:45:55','Lyon');
INSERT INTO person(PersonID, name, mail, dateOfBirth, address) VALUES (50,'fiona','fiona@gmail.com','1998-06-28 07:15:40','Paris');
INSERT INTO person(PersonID, name, mail, dateOfBirth, address) VALUES (51,'george','george@gmail.com','1975-12-05 14:55:22','Marseille');
INSERT INTO person(PersonID, name, mail, dateOfBirth, address) VALUES (52,'hannah','hannah@gmail.com','1993-01-18 11:25:08','Toulouse');
INSERT INTO person(PersonID, name, mail, dateOfBirth, address) VALUES (53,'ian','ian@gmail.com','1987-08-30 16:40:17','Nice');
INSERT INTO person(PersonID, name, mail, dateOfBirth, address) VALUES (54,'juliet','juliet@gmail.com','1984-02-14 10:05:33','Lille');
INSERT INTO person(PersonID, name, mail, dateOfBirth, address) VALUES (55,'kevin','kevin@gmail.com','1999-09-08 13:20:50','Lyon');
INSERT INTO person(PersonID, name, mail, dateOfBirth, address) VALUES (56,'laura','laura@gmail.com','1991-07-01 06:35:10','Paris');
INSERT INTO person(PersonID, name, mail, dateOfBirth, address) VALUES (57,'michael','michael@gmail.com','1981-03-12 17:50:28','Marseille');
INSERT INTO person(PersonID, name, mail, dateOfBirth, address) VALUES (58,'nina','nina@gmail.com','1979-10-25 09:15:45','Toulouse');
INSERT INTO person(PersonID, name, mail, dateOfBirth, address) VALUES (59,'oscar','oscar@gmail.com','1997-11-17 14:00:05','Nice');
INSERT INTO person(PersonID, name, mail, dateOfBirth, address) VALUES (60,'pamela','pamela@gmail.com','1988-04-03 08:25:20','Lille');
INSERT INTO person(PersonID, name, mail, dateOfBirth, address) VALUES (61,'quincy','quincy@gmail.com','1983-06-19 19:40:38','Lyon');
INSERT INTO person(PersonID, name, mail, dateOfBirth, address) VALUES (62,'rachel','rachel@gmail.com','1996-02-22 12:05:55','Paris');
INSERT INTO person(PersonID, name, mail, dateOfBirth, address) VALUES (63,'samuel','samuel@gmail.com','1976-05-30 15:30:10','Marseille');
INSERT INTO person(PersonID, name, mail, dateOfBirth, address) VALUES (64,'tina','tina@gmail.com','1992-09-03 08:55:27','Toulouse');
INSERT INTO person(PersonID, name, mail, dateOfBirth, address) VALUES (65,'ulysses','ulysses@gmail.com','1986-11-28 21:10:45','Nice');
INSERT INTO person(PersonID, name, mail, dateOfBirth, address) VALUES (66,'violet','violet@gmail.com','1989-01-15 14:35:00','Lille');
INSERT INTO person(PersonID, name, mail, dateOfBirth, address) VALUES (67,'william','william@gmail.com','1994-07-07 10:00:18','Lyon');
INSERT INTO person(PersonID, name, mail, dateOfBirth, address) VALUES (68,'xena','xena@gmail.com','1984-03-24 18:25:35','Paris');
INSERT INTO person(PersonID, name, mail, dateOfBirth, address) VALUES (69,'yann','yann@gmail.com','1990-06-09 11:50:53','Marseille');
INSERT INTO person(PersonID, name, mail, dateOfBirth, address) VALUES (70,'zara','zara@gmail.com','1977-08-14 15:15:10','Toulouse');
INSERT INTO person(PersonID, name, mail, dateOfBirth, address) VALUES (71,'adam','adam@gmail.com','1982-12-27 08:40:27','Nice');
INSERT INTO person(PersonID, name, mail, dateOfBirth, address) VALUES (72,'bella','bella@gmail.com','1998-04-21 22:05:45','Lille');
INSERT INTO person(PersonID, name, mail, dateOfBirth, address) VALUES (73,'chris','chris@gmail.com','1991-10-16 15:30:00','Lyon');
INSERT INTO person(PersonID, name, mail, dateOfBirth, address) VALUES (74,'daisy','daisy@gmail.com','1979-02-09 19:55:18','Paris');
INSERT INTO person(PersonID, name, mail, dateOfBirth, address) VALUES (75,'elias','elias@gmail.com','1986-06-04 12:20:35','Marseille');
INSERT INTO person(PersonID, name, mail, dateOfBirth, address) VALUES (76,'felicity','felicity@gmail.com','1993-11-29 09:45:53','Toulouse');
INSERT INTO person(PersonID, name, mail, dateOfBirth, address) VALUES (77,'gavin','gavin@gmail.com','1985-03-23 13:10:10','Nice');
INSERT INTO person(PersonID, name, mail, dateOfBirth, address) VALUES (78,'hazel','hazel@gmail.com','1978-09-17 16:35:27','Lille');
INSERT INTO person(PersonID, name, mail, dateOfBirth, address) VALUES (79,'ianthe','ianthe@gmail.com','1996-01-12 20:00:45','Lyon');
INSERT INTO person(PersonID, name, mail, dateOfBirth, address) VALUES (80,'jason','jason@gmail.com','1983-07-06 09:25:23', 'Da Nang');

INSERT INTO employee(PersonID, contractStart, role) VALUES (1,'2023-05-05 12:00:00','Groom');
INSERT INTO employee(PersonID, contractStart, role) VALUES (4,'2023-05-05 12:00:00','Groom');
INSERT INTO employee(PersonID, contractStart, role) VALUES (2,'2022-01-15 09:30:45','Cuisinier');
INSERT INTO employee(PersonID, contractStart, role) VALUES (3,'2022-03-20 14:15:30','Serveur');
INSERT INTO employee(PersonID, contractStart, role) VALUES (5,'2022-07-10 10:45:00','Receptionniste');
INSERT INTO employee(PersonID, contractStart, role) VALUES (6,'2022-05-28 18:30:12','Technicien');
INSERT INTO employee(PersonID, contractStart, role) VALUES (7,'2022-02-14 16:20:00','Groom');
INSERT INTO employee(PersonID, contractStart, role) VALUES (8,'2022-09-01 08:45:22','Cuisinier');
INSERT INTO employee(PersonID, contractStart, role) VALUES (9,'2022-11-15 15:30:50','Serveur');
INSERT INTO employee(PersonID, contractStart, role) VALUES (10,'2022-04-08 11:10:15','Receptionniste');
INSERT INTO employee(PersonID, contractStart, role) VALUES (11,'2022-06-23 07:05:33','Technicien');
INSERT INTO employee(PersonID, contractStart, role) VALUES (12,'2022-10-30 14:25:08','Groom');
INSERT INTO employee(PersonID, contractStart, role) VALUES (13,'2022-12-18 11:55:17','Cuisinier');
INSERT INTO employee(PersonID, contractStart, role) VALUES (14,'2022-08-09 17:40:33','Serveur');
INSERT INTO employee(PersonID, contractStart, role) VALUES (15,'2022-03-04 09:20:50','Receptionniste');
INSERT INTO employee(PersonID, contractStart, role) VALUES (16,'2022-05-12 13:55:22','Technicien');
INSERT INTO employee(PersonID, contractStart, role) VALUES (17,'2022-11-26 10:20:08','Groom');
INSERT INTO employee(PersonID, contractStart, role) VALUES (18,'2022-07-15 19:40:17','Cuisinier');
INSERT INTO employee(PersonID, contractStart, role) VALUES (19,'2022-01-31 14:05:33','Serveur');
INSERT INTO employee(PersonID, contractStart, role) VALUES (20,'2022-06-08 08:30:50','Receptionniste');
INSERT INTO employee(PersonID, contractStart, role) VALUES (21,'2022-09-19 11:55:18','Technicien');
INSERT INTO employee(PersonID, contractStart, role) VALUES (22,'2022-02-22 16:20:35','Groom');
INSERT INTO employee(PersonID, contractStart, role) VALUES (23,'2022-04-29 12:45:53','Cuisinier');
INSERT INTO employee(PersonID, contractStart, role) VALUES (24,'2022-10-17 15:10:10','Serveur');
INSERT INTO employee(PersonID, contractStart, role) VALUES (25,'2022-08-03 08:35:27','Receptionniste');
INSERT INTO employee(PersonID, contractStart, role) VALUES (26,'2022-12-01 14:00:05','Technicien');
INSERT INTO employee(PersonID, contractStart, role) VALUES (27,'2022-06-18 22:25:20','Groom');
INSERT INTO employee(PersonID, contractStart, role) VALUES (28,'2022-04-03 09:40:38','Cuisinier');
INSERT INTO employee(PersonID, contractStart, role) VALUES (29,'2022-01-12 20:55:55','Serveur');
INSERT INTO employee(PersonID, contractStart, role) VALUES (30,'2022-09-03 14:30:10','Receptionniste');
INSERT INTO employee(PersonID, contractStart, role) VALUES (31,'2022-11-18 08:55:27','Technicien');
INSERT INTO employee(PersonID, contractStart, role) VALUES (32,'2022-05-22 20:00:45','Groom');
INSERT INTO employee(PersonID, contractStart, role) VALUES (33,'2022-08-16 22:05:45','Cuisinier');
INSERT INTO employee(PersonID, contractStart, role) VALUES (34,'2022-02-11 15:30:00','Serveur');
INSERT INTO employee(PersonID, contractStart, role) VALUES (35,'2022-11-04 19:55:18','Receptionniste');
INSERT INTO employee(PersonID, contractStart, role) VALUES (36,'2022-06-29 12:20:35','Technicien');
INSERT INTO employee(PersonID, contractStart, role) VALUES (37,'2022-03-23 13:45:53','Groom');
INSERT INTO employee(PersonID, contractStart, role) VALUES (38,'2022-09-17 17:10:10','Cuisinier');
INSERT INTO employee(PersonID, contractStart, role) VALUES (39,'2022-01-12 20:25:27','Serveur');
INSERT INTO employee(PersonID, contractStart, role) VALUES (40,'2022-04-21 22:50:45','Receptionniste');


INSERT INTO customer(PersonID, joiningDate) VALUES (41, '2021-12-05 09:30:45');
INSERT INTO customer(PersonID, joiningDate) VALUES (42, '2023-03-20 14:15:30');
INSERT INTO customer(PersonID, joiningDate) VALUES (43, '2022-07-10 10:45:00');
INSERT INTO customer(PersonID, joiningDate) VALUES (44, '2022-05-28 18:30:12');
INSERT INTO customer(PersonID, joiningDate) VALUES (45, '2022-02-14 16:20:00');
INSERT INTO customer(PersonID, joiningDate) VALUES (46, '2022-09-01 08:45:22');
INSERT INTO customer(PersonID, joiningDate) VALUES (47, '2022-11-15 15:30:50');
INSERT INTO customer(PersonID, joiningDate) VALUES (48, '2022-04-08 11:10:15');
INSERT INTO customer(PersonID, joiningDate) VALUES (49, '2022-06-23 07:05:33');
INSERT INTO customer(PersonID, joiningDate) VALUES (50, '2022-10-30 14:25:08');
INSERT INTO customer(PersonID, joiningDate) VALUES (51, '2022-12-18 11:55:17');
INSERT INTO customer(PersonID, joiningDate) VALUES (52, '2022-08-09 17:40:33');
INSERT INTO customer(PersonID, joiningDate) VALUES (53, '2022-03-04 09:20:50');
INSERT INTO customer(PersonID, joiningDate) VALUES (54, '2022-05-12 13:55:22');
INSERT INTO customer(PersonID, joiningDate) VALUES (55, '2022-11-26 10:20:08');
INSERT INTO customer(PersonID, joiningDate) VALUES (56, '2022-07-15 19:40:17');
INSERT INTO customer(PersonID, joiningDate) VALUES (57, '2022-01-31 14:05:33');
INSERT INTO customer(PersonID, joiningDate) VALUES (58, '2022-06-08 08:30:50');
INSERT INTO customer(PersonID, joiningDate) VALUES (59, '2022-09-19 11:55:18');
INSERT INTO customer(PersonID, joiningDate) VALUES (60, '2022-02-22 16:20:35');
INSERT INTO customer(PersonID, joiningDate) VALUES (61, '2022-04-29 12:45:53');
INSERT INTO customer(PersonID, joiningDate) VALUES (62, '2022-10-17 15:10:10');
INSERT INTO customer(PersonID, joiningDate) VALUES (63, '2022-08-03 08:35:27');
INSERT INTO customer(PersonID, joiningDate) VALUES (64, '2022-12-01 14:00:05');
INSERT INTO customer(PersonID, joiningDate) VALUES (65, '2022-06-18 22:25:20');
INSERT INTO customer(PersonID, joiningDate) VALUES (66, '2022-04-03 09:40:38');
INSERT INTO customer(PersonID, joiningDate) VALUES (67, '2022-01-12 20:55:55');
INSERT INTO customer(PersonID, joiningDate) VALUES (68, '2022-09-03 14:30:10');
INSERT INTO customer(PersonID, joiningDate) VALUES (69, '2022-11-18 08:55:27');
INSERT INTO customer(PersonID, joiningDate) VALUES (70, '2022-05-22 20:00:45');
INSERT INTO customer(PersonID, joiningDate) VALUES (71, '2022-08-16 22:05:45');
INSERT INTO customer(PersonID, joiningDate) VALUES (72, '2022-02-11 15:30:00');
INSERT INTO customer(PersonID, joiningDate) VALUES (73, '2022-11-04 19:55:18');
INSERT INTO customer(PersonID, joiningDate) VALUES (74, '2022-06-29 12:20:35');
INSERT INTO customer(PersonID, joiningDate) VALUES (75, '2022-03-23 13:45:53');
INSERT INTO customer(PersonID, joiningDate) VALUES (76, '2022-09-17 17:10:10');
INSERT INTO customer(PersonID, joiningDate) VALUES (77, '2022-01-12 20:25:27');
INSERT INTO customer(PersonID, joiningDate) VALUES (78, '2022-04-21 22:50:45');
INSERT INTO customer(PersonID, joiningDate) VALUES (79, '2024-01-12 20:55:55');
INSERT INTO customer(PersonID, joiningDate) VALUES (80, '2024-05-22 20:00:45');



INSERT INTO room(RoomID, type, number, price) VALUES (1, 'Triple',100, 50);
INSERT INTO room(RoomID, type, number, price) VALUES (2, 'Single',101, 50);
INSERT INTO room(RoomID, type, number, price) VALUES (3, 'Double',102, 50);

INSERT INTO listrooms(RoomID, bookingID) VALUES (1,1);
INSERT INTO listrooms(RoomID, bookingID) VALUES (2,1);
